case_number,peak_memory_kb,total_path_length,final_layer_visits
0000,853068,110,199
0001,834312,117,199
0002,826804,126,182
0003,737360,102,207
0004,799124,119,193
0005,807348,127,182
0006,822568,111,204
0007,710068,93,207
0008,802292,113,205
0009,791176,107,207
0010,815324,119,193
0011,785464,110,198
0012,825316,116,205
0013,829112,111,206
0014,807924,109,207
0015,798164,117,188
0016,802412,115,196
0017,805312,112,206
0018,826352,122,193
0019,825704,114,207
0020,791340,116,196
0021,801324,110,201
0022,802424,112,207
0023,1066256,121,207
0024,753140,105,207
0025,973900,133,204
0026,822360,128,182
0027,908476,130,195
0028,789720,109,207
0029,774508,105,207
0030,769748,118,186
0031,794688,112,205
0032,810784,112,204
0033,945668,128,207
0034,832940,124,192
0035,743664,116,178
0036,796464,113,201
0037,821292,126,185
0038,783312,120,186
0039,825952,119,196
0040,789844,111,202
0041,804484,123,186
0042,772972,106,207
0043,1058488,123,207
0044,779456,107,207
0045,761700,110,200
0046,809508,116,193
0047,774940,105,207
0048,957376,132,197
0049,845344,120,195
0050,825008,118,202
0051,805896,110,207
0052,775148,123,178
0053,795248,127,180
0054,793880,113,200
0055,880524,127,191
0056,766024,112,199
0057,735556,100,207
0058,769976,119,185
0059,786084,112,202
0060,809600,114,204
0061,816216,118,192
0062,760060,116,186
0063,802776,111,207
0064,799536,124,180
0065,792328,114,195
0066,708196,92,207
0067,804192,117,193
0068,762356,123,178
0069,783380,117,184
0070,793088,120,185
0071,852708,115,205
0072,772572,105,207
0073,780328,121,184
0074,823084,125,184
0075,810960,118,196
0076,778504,118,188
0077,779804,108,207
0078,809848,110,205
0079,818828,125,184
0080,665552,91,207
0081,956404,128,206
0082,906168,120,206
0083,784836,109,207
0084,785008,116,196
0085,782380,116,191
0086,1004748,133,207
0087,781716,112,190
0088,788100,126,179
0089,770688,110,185
0090,787020,108,199
0091,738856,102,207
0092,789900,101,193
0093,811128,116,201
0094,808060,124,187
0095,932636,130,202
0096,741240,102,207
0097,769868,118,183
0098,792124,108,207
0099,758856,109,199
